,race,philly_race,police_race,diff
black,Black,40.1,58.14087759815243,18.040877598152427
white,White,34.0,19.83256351039261,-14.16743648960739
None,None,0.0,12.03810623556582,12.03810623556582
latino,Latino,15.2,6.986143187066975,-8.213856812933024
asian,Asian,7.3,2.0785219399538106,-5.22147806004619
other,Other,2.8,0.9237875288683602,-1.8762124711316397
